<?xml version="1.0" encoding="UTF-8"?>
<project-private xmlns="http://www.netbeans.org/ns/project-private/1">
    <editor-bookmarks xmlns="http://www.netbeans.org/ns/editor-bookmarks/2" lastBookmarkId="0"/>
    <open-files xmlns="http://www.netbeans.org/ns/projectui-open-files/2">
        <group>
            <file>file:/K:/Programas/Java/Trabajos/ArraysEjer4/src/arraysejer4/Cliente.java</file>
            <file>file:/K:/Programas/Java/Trabajos/ArraysEjer4/src/arraysejer4/ArraysEjer4.java</file>
            <file>file:/K:/Programas/Java/Trabajos/ArraysEjer4/src/arraysejer4/Cuenta.java</file>
            <file>file:/K:/Programas/Java/Trabajos/ArraysEjer4/src/arraysejer4/Movimiento.java</file>
        </group>
    </open-files>
</project-private>
